1,Camping,Activity,1
2,Camping,Activity,2
3,Camping,Activity,3
4,Camping,Activity,4
5,Camping,Activity,5
6,Camping,Activity,6
7,Camping,Activity,7
8,Kids Birthday Party,Party,8
9,Kids Birthday Party,Party,9
10,Kids Birthday Party,Party,10
11,Kids Birthday Party,Party,11
12,Kids Birthday Party,Party,12
13,Kids Birthday Party,Party,13
14,Kids Birthday Party,Party,14
15,Halloween,Holiday,18
16,Halloween,Holiday,11
17,Halloween,Holiday,19
18,Prom,Party,20
19,Prom,Party,20
20,Prom,Party,21
21,Prom,Party,29
22,Arts & Craft,Activity,23
23,Arts & Craft,Activity,24
24,Arts & Craft,Activity,25
25,Video Gaming,Activity,26
26,Video Gaming,Activity,27
27,Video Gaming,Activity,28
28,Pool Party,Party,15
29,Pool Party,Party,16
30,Pool Party,Party,17
31,Pool Party,Party,12
32,Pool Party,Party,22